"";"x"
"IL22";1
"IL8";1
"CXCL2";1
"CSF2";1
"RRAD";1
"PTGS2";1
"C15orf48";1
"CD83";1
"ALDOC";1
"LST1";1
"KLF4";1
"PRMT10";1
"OTUD5";1
"IL4I1";1
"LIF";1
"TNFSF4";1
"EREG";1
"HOXA5";1
"TIMP1";1
"CAT";1
"CTSH";1
"ZFP36L1";1
"TNFSF13B";1
"NCOA7";1
"BCAS1";1
"HSPA2";1
"DLL1";1
"BCL2A1";1
"VEGFA";1
"LDLRAD4";1
"TLE1";1
"TNFSF11";1
"ENPP1";1
"SPINK2";1
"CTNNB1";1
"LINC00176";1
"SDC4";1
"PCDH9";1
"KIT";1
"TLCD1";1
"PIM3";1
"GSN";1
"FURIN";1
"CASP3";1
"PLAUR";1
"TRAF4";1
"CDKN1A";1
"SCN1B";1
"NFKB1";1
"CD300LF";1
"RNF144B";1
"CA2";1
"SLC4A10";1
"INSR";1
"LTA4H";1
"SOX18";1
"HHEX";1
"NCR2";1
"FES";1
"LTC4S";1
"PRR5";1
"NINJ1";1
"IGFBP4";1
"TNFRSF25";1
"LINC00299";1
"PTGER3";1
"HOXA7";1
"PPAP2A";1
"IL23R";1
"AFF3";1
"RIPK2";1
"AHR";1
"S100A13";1
"IL1R1";1
"HOXA9";1
"KRT7";1
"SLC43A2";1
"MVB12B";1
"PPFIBP1";1
"JMY";1
"BEX5";1
"PLXDC2";1
"GNA15";1
"KIAA1324";1
"PRNP";1
"TGM2";1
"H2AFY";1
"TNS3";1
"KIAA1211L";1
"DST";1
"RNF152";1
"B4GALNT1";1
"SVIL";1
"PRAM1";1
"MPV17L";1
"VWA5A";1
"RORC";1
"PPP1R9A";1
"AGPAT5";1
"EPDR1";1
"SLC31A2";1
"REEP3";1
"CHKA";1
"HINT3";1
"TEX30";1
"MFGE8";1
"CMTM6";1
"HSP90B1";1
"DOCK5";1
"BICC1";1
"ARHGAP10";1
"COL4A4";1
"LDLRAD3";1
"IL18R1";1
"PVRL2";1
"NRIP1";1
"EPAS1";1
"IRAK3";1
"ZG16B";1
"KCTD9";1
"TEC";1
"RGS9";1
"RASSF8";1
"BLVRA";1
"SCARF1";1
"MBOAT7";1
"CITED4";1
"LAPTM4B";1
"AREGB";1
"SEPT11";1
"MATN2";1
"MMP25";1
"COL9A2";1
"TRIQK";1
"CCDC41";1
"RP11-563D10.1";1
"PAK1";1
"KLF11";1
"ANP32E";1
"HYI";1
"SCRN1";1
"NEO1";1
"IFT57";1
"AFAP1L1";1
"B3GALT5";1
"IL17A";2
"IL17F";2
"RGS1";2
"S100A4";2
"GPR183";2
"DUSP5";2
"LGALS3";2
"SERPINB9";2
"RP11-138A9.2";2
"SOCS3";2
"RP11-138A9.1";2
"AC016831.7";2
"TIFA";2
"SAMSN1";2
"B3GALT2";2
"AHNAK";2
"PERP";2
"PLK3";2
"S100A6";2
"BCL2";2
"CTC-505O3.3";2
"COL5A3";2
"NDNL2";2
"MIR29A";2
"SIAH2";2
"G3BP2";2
"MALT1";2
"C10orf128";2
"TMEM173";2
"P2RY10";2
"SH3BGRL3";2
"CDC42EP3";2
"CXCL13";3
"PVALB";3
"ZBED2";3
"RDH10";3
"GNG4";3
"CAV1";3
"NMB";3
"AC006129.4";3
"RP11-279F6.3";3
"IL21";3
"RP5-1028K7.2";3
"C11orf96";3
"LHFP";3
"FAIM2";3
"KSR2";3
"RP11-345M22.1";3
"CXCR5";3
"MCTP1";3
"THADA";3
"CPM";3
"ASCL2";3
"MAP7";3
"FGFR1";3
"BHLHE40-AS1";3
"CTTN";3
"ST8SIA1";3
"FZD3";3
"RP11-455F5.5";3
"NR3C1";3
"PHEX";3
"PTPN14";3
"SGPP2";3
"MYL6B";3
"XXYLT1";3
"XXYLT1-AS2";3
"CCDC71L";3
"WSB2";3
"MTUS1";3
"MSI2";3
"CCL3";4
"CCL4";4
"GZMB";4
"GZMA";4
"CCL5";4
"CMC1";4
"KLRC2";4
"NKG7";4
"GZMK";4
"KLRF1";4
"KLRD1";4
"CD160";4
"CLIC3";4
"PRF1";4
"PIF1";4
"HOPX";4
"FCGR3A";4
"FASLG";4
"PIK3R1";4
"IL2RB";4
"IRF8";4
"EOMES";4
"TMEM2";4
"PLEK";4
"CD7";4
"CST7";4
"GPR97";4
"APOBEC3G";4
"FGR";4
"MATK";4
"BCO2";4
"SPRY2";4
"GFOD1";4
"AC069363.1";4
"LITAF";4
"MCTP2";4
"LYST";4
"FCRL6";4
"CD38";4
"LDB2";4
"SAMD3";4
"AOAH";4
"MAPK1";4
"KLRC4";4
"SLAMF7";4
"P2RY11";4
"FEZ1";4
"C1orf21";4
"PDGFD";4
"MMP23B";4
"DGKD";4
"YPEL1";4
"GNPTAB";4
"CLDND1";4
"RP11-222K16.2";4
"PTPN6";4
"SLC15A4";4
"AGK";4
"FAM49A";4
"EFCAB4A";4
"CHST12";4
"SLFN13";4
"CHN2";4
"APMAP";4
"SLA2";4
"PDLIM1";4
"KLRC3";4
"CCR1";4
"SNX18";4
"SLC4A4";4
"CD244";4
"CCNJL";4
"RGS3";4
"G6PD";4
"PILRB";4
"USP28";4
"PHYKPL";4
"YARS";4
"S100PBP";4
"DHRS1";4
"HBA1";5
"HBA2";5
"HBB";5
"IFNG";6
"CCL3L1";6
"CRTAM";6
"TNFSF9";6
"LGALS1";6
"DUSP2";6
"GZMH";6
"CCL3L3";6
"CCL4L2";6
"CCL4L1";6
"FAM53C";6
"IGFBP2";6
"HES6";6
"NXPH4";6
"IRF1";6
"SPON2";6
"PPP1R14B";6
"ATP1B3";6
"TNFSF14";6
"S1PR5";6
"VPS37B";6
"ZEB2";6
"DKK3";6
"TESC";6
"ALOX5AP";6
"CD97";6
"MYBL1";6
"AC131056.3";6
"COL23A1";6
"GPR56";6
"SYTL3";6
"C12orf75";6
"YES1";6
"WIPF3";6
"APOBEC3H";6
"RAB11FIP1";6
"GABARAPL1";6
"ADRB2";6
"FAM105B";6
"JMJD6";6
"RHOQ";6
"KIF21A";6
"IFITM10";6
"ADAM8";6
"EFHD2";6
"TBX21";6
"CYSTM1";6
"ANXA2";6
"EIF4EBP1";6
"TBCD";6
"TMSB4X";6
"AUTS2";6
"PARP8";6
"CDK2AP2";6
"RNF125";6
"PRR5L";6
"SLFN12L";6
"TGFB1";6
"GLIPR2";6
"CCL20";7
"GADD45G";7
"MIR155HG";7
"PHLDA1";7
"CREM";7
"FTH1";7
"CCR6";7
"GADD45A";7
"ICOS";7
"BIRC3";7
"RBPJ";7
"IL26";7
"ADAM19";7
"RP11-403A21.2";7
"IFI44L";7
"CPNE7";7
"AMICA1";7
"RUNX2";7
"ERN1";7
"TP53INP1";7
"DPP4";7
"RILPL2";7
"CCNG2";7
"MDFIC";7
"C4orf32";7
"PLAT";7
"MCAM";7
"TMPRSS3";7
"TBXAS1";7
"IL17RE";7
"IFI44";7
"TMED8";7
"SMAP2";7
"CHD7";7
"HMHB1";7
"MYO7A";7
"MAN1A1";7
"MGAT4A";7
"KDSR";7
"ELK3";7
"GGT1";7
"NR1D2";7
"TNFSF12";7
"CERK";7
"BCL3";7
"CDC14A";7
"ODF2L";7
"MGAT5";7
"ATP2B1";7
"RNF207";7
"GNLY";8
"XCL1";8
"XCL2";8
"KLRC1";8
"CEBPD";8
"FCER1G";8
"TYROBP";8
"HAVCR2";8
"CTSW";8
"SPTSSB";8
"IFITM3";8
"CAPG";8
"LINC00996";8
"TMIGD2";8
"GSTP1";8
"ZBTB16";8
"TXK";8
"PLAC8";8
"FAM3C";8
"LAT2";8
"PTGDR";8
"SH2D1B";8
"CD63";8
"ITGAX";8
"CD300A";8
"NCAM1";8
"STARD3NL";8
"CXXC5";8
"CAPN12";8
"IFITM2";8
"ADAM28";8
"HVCN1";8
"NCR1";8
"TTC38";8
"CTBP2";8
"SYK";8
"LYN";8
"ABCB1";8
"TSPAN32";8
"TIE1";8
"SNX10";8
"PLCG2";8
"SWAP70";8
"PTPN12";8
"RP11-326C3.15";8
"CATSPER1";8
"IFITM1";8
"RNF165";8
"C11orf21";8
"PIK3AP1";8
"RP11-473M20.7";8
"RIN3";8
"CNR2";8
"APOBR";8
"IL10";9
"LAG3";9
"IL2RA";9
"AC017002.1";9
"MIR4435-1HG";9
"ACTG2";9
"SAT1";9
"DUSP4";9
"TNFRSF9";9
"PMAIP1";9
"IL1R2";9
"CTLA4";9
"ICA1";9
"BATF";9
"RTKN2";9
"EBI3";9
"MT2A";9
"LAIR2";9
"IL32";9
"TIGIT";9
"ARID5B";9
"CD70";9
"MAGEH1";9
"LINC00152";9
"TBC1D4";9
"AC002331.1";9
"TNFRSF1B";9
"CORO1B";9
"TNIP3";9
"FOXP3";9
"GNG8";9
"ADTRP";9
"FRMD4B";9
"LGMN";9
"CADM1";9
"CEBPA";9
"CTSC";9
"TYMP";9
"ANKS1B";9
"RP11-214O1.3";9
"MT1E";9
"CSF1";9
"ZBTB32";9
"UGP2";9
"AC145110.1";9
"METTL8";9
"TRIB1";9
"TNFRSF13B";9
"ATP1B1";9
"CUL9";9
"ZC3H12D";9
"FANK1";9
"IFI6";9
"PTGIR";9
"CEP55";9
"GALM";9
"ZC2HC1A";9
"GK";9
"TRPS1";9
"LIMS1";9
"SLAMF1";9
"CARD16";9
"NAMPT";9
"APOLD1";9
"BTG3";9
"AC074289.1";9
"IL6R";9
"CD4";9
"CENPM";9
"LRRC32";9
"NAB1";9
"POU2F2";9
"OAS1";9
"SPATS2L";9
"F5";9
"TMSB10";9
"NINJ2";9
"ADAM12";9
"EPSTI1";9
"LIMA1";9
"CDKN2A";9
"DNPH1";9
"FAM184A";9
"CD28";9
"DLGAP1";9
"FAS";9
"ASB2";9
"CTSB";9
"HS3ST3B1";9
"CARD17";9
"TRIB2";9
"MYO5C";9
"KIF20B";9
"PTTG1";9
"CCR8";9
"HNRNPLL";9
"MZB1";9
"CCR4";9
"HOXB2";9
"SLC16A1";9
"NETO2";9
"ETV7";9
"TBC1D8";9
"CDKL2";9
"C15orf53";9
"GLRX";9
"PMVK";9
"AIM2";9
"CD79B";9
"FAM53B";9
"CD2";9
"RPS27L";9
"ADAT2";9
"HOXB-AS1";9
"ACP6";9
"RP11-803D5.4";9
"ACTA2";9
"PBX4";9
"MYO5A";9
"DLGAP1-AS1";9
"C16orf87";9
"AKIP1";9
"TPR";9
"CACYBP";9
"RASGRP1";9
"BFSP2";9
"MCF2L2";9
"IL7";9
"KCNN4";9
"CCDC167";9
"TMEM60";9
"GRPEL2";9
"LINC00910";10
"RP11-386I14.4";10
"TMEM107";10
"WDR74";10
"RNU12";10
"SNORD3D";10
"SNORD3B-2";10
"PTCH2";10
"RP13-516M14.4";10
"CTD-3203P2.2";10
"ITPR1";10
"ILF3-AS1";10
"SNORD3B-1";10
"LINC00936";10
"SNORD3A";10
"YME1L1";10
"DKFZP434E1119";10
"COQ7";10
"ZBTB10";10
"MLLT11";10
"HIST1H4A";10
"RP11-1000B6.3";10
"RP4-673M15.1";10
"RP11-191L17.1";10
"G0S2";11
"CXCL3";11
"RASD1";11
"SOX4";11
"HSPB1";11
"ADM";11
"CXorf21";11
"SERPINA1";11
"RP11-6F2.5";11
"S100B";11
"SGK1";11
"TSC22D1";11
"SCXA";11
"RPPH1";11
"IGFBP7";11
"BAMBI";11
"SCT";11
"ID1";11
"RAMP1";11
"FAM167A";11
"THY1";11
"PNP";11
"TOX2";11
"AURKA";11
"NRP1";11
"FXYD7";11
"BATF3";11
"MYB";11
"RP11-81H14.2";11
"SGIP1";11
"MEF2C";11
"ZNF503";11
"CYSLTR1";11
"HIST1H2AC";11
"PGM2L1";11
"EMP1";11
"NEK8";11
"CLEC11A";11
"RP11-492E3.2";11
"MXD1";11
"HBEGF";11
"RP11-76E17.3";11
"B3GALNT2";11
"ARHGAP24";11
"RP1-102K2.8";11
"RP11-443B7.1";11
"CTD-2325P2.4";11
"ZNF141";11
"RP11-254F7.2";11
"TIAM1";11
"GNL3";11
"DAAM1";11
"SPTLC3";11
"EPB41L2";11
"NKX3-1";11
"CYGB";11
"HOXA10-AS";11
"GNAI1";11
"ARHGEF10";11
"ATF5";11
"PLEKHA5";11
"GRAMD3";11
"AC022182.3";11
"RBKS";11
"RCAN1";11
"TCEAL4";11
"IRF2BP2";11
"FRAT2";11
"RN7SL1";11
"FAM124B";11
"BFSP2-AS1";11
"EMID1";11
"NEK10";11
"UGCG";11
"STARD10";11
"SLC9A3R2";11
"WDR86";11
"HIST2H2BE";11
"CTD-2576D5.4";11
"LACC1";11
"CST3";11
"NT5E";11
"CD33";11
"C12orf73";11
"ARHGEF39";11
"PPIF";11
"CTA-29F11.1";11
"SNCA";11
"TSSC1";11
"MYO1B";11
"MPPED2";11
"STAC";11
"ATP10A";11
"APP";11
"NBPF10";11
"ZCCHC2";11
"CXorf40A";11
"RAB32";11
"HOXA6";11
"PSTPIP2";11
"CCDC138";11
"MRC2";11
"IL4R";11
"JUP";11
"CCDC88A";11
"PDE6G";11
"UBXN2A";11
"MMRN1";11
"MAP3K13";11
"LACTB";11
"MACC1";11
"ABTB2";11
"IGF2BP2";11
"JAG1";11
"WDR45B";11
"BANK1";11
"SETD8";11
"FHL1";11
"CTSA";11
"RASSF8-AS1";11
"SSBP2";11
"CXorf40B";11
"HSPD1";11
"ESPN";11
"NFKBIE";11
"SLC19A2";11
"NUDT7";11
"MARCKS";11
"TANC1";11
"DENND5A";11
"CERS6";11
"SAMD12";11
"DNAH14";11
"BRD1";11
"MASTL";11
"PURB";11
"TNFRSF11A";11
"ORAI3";11
"AC023590.1";11
"GPRC5C";11
"CKAP4";11
"ZFYVE9";11
"MAML3";11
"C11orf74";11
"RERE";11
"ASPH";11
"CYFIP1";11
"SHF";11
"STK3";11
"IGSF10";11
"DACH1";11
"METTL21A";11
"RP11-848P1.4";11
"EVA1B";11
"ARL13B";11
"MTHFD2L";11
"DPPA4";11
"MSRA";11
"MEF2A";11
"C2CD4D";11
"ETV6";11
"AC079305.10";11
"SAMD4A";11
"PABPC4";11
"WDR59";11
"FNBP1L";11
"ICOSLG";11
"FARS2";11
"SERTAD2";11
"USP37";11
"IFFO2";11
"SERP2";11
"ZNF618";11
"CPNE8";11
"SNHG12";11
"PLEKHN1";11
"APLP2";11
"PMCH";12
"ZNF80";12
"RP11-1399P15.1";12
"BASP1";12
"CISH";12
"MRPL1";12
"OPRM1";12
"RP11-796G6.2";12
"P2RX5";12
"PHLDA3";12
"LRG1";12
"MX1";12
"B3GAT1";12
"HELLS";12
"SIRPB1";12
"FGL2";12
"DGKH";12
"BBC3";12
"CKAP2";12
"SYT11";12
"NUSAP1";12
"ZNF281";12
"C9orf38";12
"MFHAS1";12
"AC104820.2";12
"CD40";12
"IL21R";12
"TRIM59";12
"C4orf27";12
"FDXR";12
"KCNK5";12
"ZNF101";12
"IKZF4";12
"L3MBTL3";12
"MXD4";12
"CISD1";12
"MEOX1";12
"RP11-545E17.3";12
"PLCL1";12
"ATP6V0A1";12
"KLF9";12
"CHST7";12
"PIP5K1B";12
"PIK3R3";12
"CEP128";12
"LZIC";12
"C3orf14";12
"LRRC8B";12
"RP11-14N7.2";12
"RUNX1";12
"AEN";12
"LY75";12
"DDB2";12
"BAX";12
"RPL26L1";12
"RYR1";12
"RP11-275I4.2";12
"PCNA";12
"SAYSD1";12
"XPC";12
"CDC37L1";12
"LINC00426";12
"MAP3K5";12
"EXOC6B";12
"EGR4";13
"ARL4D";13
"HECTD1";13
"IER3";13
"EGR3";13
"GPM6B";13
"SYNGR1";13
"RP11-327P2.5";13
"THAP2";13
"ULBP2";13
"RBBP8";13
"GPR35";13
"IRS2";13
"TUBB2A";13
"PTP4A1";13
"FADS3";13
"RP11-51J9.5";13
"TTPAL";13
"GRASP";13
"RP11-373D23.3";13
"ALG13";13
"SIK1";13
"AVPI1";13
"HCG18";13
"KLF10";13
"ANKRD9";13
"RP11-73E17.2";13
"PRR7";13
"DDIT3";13
"MIDN";13
"TMEM88";13
"ZFAND2A";13
"POLR2A";13
"MNAT1";13
"PLCB1";13
"DCTN6";13
"TRAPPC2P1";13
"AAED1";13
"HES1";14
"LTA";14
"C2CD4B";14
"C2CD4A";14
"FAM174B";14
"USP51";14
"RP11-316P17.2";14
"TTN";14
"MIR146A";14
"VDR";14
"PTPLA";14
"BCAS3";14
"REC8";14
"RYBP";14
"CEACAM1";14
"CCDC141";14
"PAK3";14
"CYP7B1";14
"IZUMO4";14
"LRBA";14
"AGPAT9";14
"INPP5F";14
"SLC41A1";14
"ZNF267";14
"HIVEP1";14
"AP1S2";14
"EEPD1";14
"MAPK6";14
"PKD2";14
"FYCO1";14
"MAFG";14
"SLC43A3";14
"SYNGR2";14
"HERC6";14
"CBX5";14
"CCDC122";14
"RMI2";14
"HSDL2";14
"SYNGAP1";14
"SMAD1";14
"ERI1";14
"ATP13A3";14
"DMGDH";14
"ANKRD35";14
"DIAPH2";14
"MBIP";14
"JUN";15
"IGJ";15
"RGCC";15
"JUNB";15
"LMNA";15
"TOB1";15
"IL23A";15
"SEMA4A";15
"SLC2A3";15
"RP1-313I6.12";15
"OLFM4";16
"RP11-338I21.1";16
"TPSAB1";16
"LYZ";16
"APOA1";16
"PRSS3";16
"PLA2G2A";16
"HPGDS";16
"SPARCL1";16
"STMN1";16
"CYB5D2";16
"IL17RB";16
"BCYRN1";16
"EGLN3";16
"TSPAN15";16
"RP1-37N7.3";16
"TMC5";16
"WBP5";16
"RP3-325F22.5";16
"COL6A2";16
"SPDL1";16
"DSEL";16
"AARSD1";16
"TRMT10A";16
"RP11-295G20.2";16
"LOH12CR2";16
"CCDC152";16
"HNRNPU-AS1";16
"ZNF711";16
"ALCAM";16
"ING2";16
"RASGRP3";16
"PPP1R13L";16
"ZNF280B";16
"HMGN5";16
"RAB11B-AS1";16
"LINC00663";16
"BLK";16
"HERC5";16
"GGH";16
"GLA";16
"RP11-109G23.3";16
"MIR4458HG";16
"NEFH";16
"RP11-490O6.2";16
"IQCG";16
"MYH11";16
"ITGB3BP";16
"FAM19A2";16
"SGOL2";16
"WAC-AS1";16
"PSMC3IP";16
"RP9";16
"CCDC15";16
"RP11-231D20.2";16
"ESF1";16
"KIAA1731";16
"SYP";16
"ZMAT1";16
"NOC3L";16
"RP11-298J20.3";16
"CCDC112";16
"LINC00271";16
"ADAL";16
"TUBGCP5";16
"ASRGL1";16
"RP11-533E19.5";16
"KIAA1107";16
"RP11-418J17.1";16
"C21orf58";16
"DNAJC27";16
"RP11-395G23.3";16
"CTD-2165H16.4";16
"CATSPER2";16
"RP11-1114A5.4";16
"LINC00937";16
"RP11-166P13.3";16
"SDCCAG8";16
"HCK";16
"ZNF587B";16
"DHFR";16
"ZNF781";16
"ZCWPW1";16
"SS18L1";16
"TXLNB";16
"CCDC102B";16
"GPA33";16
"LINC01125";16
"CBR3";16
"C11orf63";16
"RNF43";16
"NARG2";16
"FANCB";16
"MAN2A2";16
"ZFP30";16
"HECTD2";16
"PRSS21";16
"RP11-867G23.8";16
"CTC-246B18.10";16
"RP5-1125A11.1";16
"ZNF587";16
"RP3-467N11.1";16
"SPINK4";16
"FBXO48";16
"DDX31";16
"TYW3";16
"RP1-43E13.2";16
"RP11-563N4.1";16
"AC009133.12";16
"UBAC2-AS1";16
"KIAA1586";16
"MTSS1";16
"CLDN3";16
"RP11-307C12.12";16
"CA11";16
"CCNE2";16
"HIST1H4E";16
"KBTBD7";16
"MYL5";16
"PLCXD1";16
"ZNF43";16
"COL6A1";16
"GKAP1";16
"MBNL1-AS1";16
"LRRC58";16
"SRBD1";16
"RP11-145M9.4";16
"AE000662.92";16
"CCDC18";16
"RP11-326C3.12";16
"CPT1A";16
"MED14-AS1";16
"TRAF3IP1";16
"EIF3J-AS1";16
"RP11-708J19.1";16
"MYH3";16
"RFX1";16
"FGF14-AS2";16
"CLOCK";16
"STX2";16
"RRP15";16
"RAB3IP";16
"IFT74";16
"IL10RB-AS1";16
"RREB1";16
"TMEM237";16
"RP5-1007M22.2";16
"ALDH6A1";16
"PI4K2B";16
"OTUD7B";16
"CCDC121";16
"HIST1H3A";16
"FRA10AC1";16
"TRIM23";16
"RNU11";16
"RNF139-AS1";16
"OTUD6B";16
"SLC4A2";16
"S100Z";16
"XRCC6BP1";16
"JRKL";16
"FAM115A";16
"RP11-430H10.1";16
"RP11-872J21.3";16
"ERBB2";16
"TMTC3";16
"RP11-977G19.11";16
"PTRH2";16
"TRIP11";16
"CTD-2506J14.1";16
"NUPR1";16
"RPP40";16
"C1orf109";16
"AC115618.1";16
"ZNF584";16
"VANGL1";16
"RP11-473M20.16";16
"KIF16B";16
"DNAJC27-AS1";16
"FBXO5";16
"TTBK2";16
"CHML";16
"ZSCAN5A";16
"ZFP28";16
"AC079922.3";16
"FRAT1";16
"HOOK1";16
"ZNF93";16
"TMEM181";16
"ULK4";16
"ZNF33B";16
"FAM227B";16
"C2orf49";16
"CCDC58";16
"CENPB";16
"ELF4";16
"PCNT";16
"RAB33B";16
"AC074138.3";16
"RP11-635N19.1";16
"CTA-292E10.6";16
"NUDT9";16
"TNRC6C";16
"ZC3H14";16
"KBTBD6";16
"ALKBH2";16
"ZNF429";16
"PLB1";16
"NUDT15";16
"MTMR3";16
"NBPF14";16
"PRR3";16
"KLF5";16
"HIST4H4";16
"ABL2";16
"FAHD1";16
"SPATA7";16
"DNAJC3-AS1";16
"PDE4C";16
"RP11-379H18.1";16
"UTP20";16
"MTURN";16
"MCC";16
"NAA60.1";16
"ZNF585A";16
"ZNF836";16
"DKFZP779L1853";16
"DBT";16
"TIGD2";16
"OXT";16
"ZBTB18";16
"ZSCAN29";16
"CTD-3131K8.2";16
"FAM117A";16
"CORO2A";16
"CCDC30";16
"PBX1";16
"ZADH2";16
"ENOSF1";16
"MDN1";16
"ZNF69";16
"SCAF8";16
"CHKB-AS1";16
"FAM213A";16
"TMEM97";16
"C17orf67";16
"DBR1";16
"ACTR3C";16
"SLC6A16";16
"ZNF268";16
"GTPBP10";16
"TCEAL8";16
"RP11-206L10.2";16
"C2orf76";16
"C16orf74";16
"RP5-1065J22.8";16
"EXPH5";16
"FGF7";16
"RAP2B";16
"PPAT";16
"DDI2";16
"AL354822.1";16
"UTP14A";16
"LIN54";16
"RP11-126K1.6";16
"PWAR6";16
"MPP5";16
"TP53BP2";16
"WDR52";16
"ADCK1";16
"RP11-573D15.9";16
"ZNF57";16
"FAM167B";16
"KPNA5";16
"PAXIP1-AS2";16
"RPRD1B";16
"GSTCD";16
"CXorf23";16
"EID2";16
"PTPRF";16
"SLC26A2";16
"HAR1A";16
"ARHGAP12";16
"RNASEH1-AS1";16
"C17orf97";16
"DGCR6";16
"SULT1A1";16
"PRKCI";16
"GTSF1";16
"IL2";17
"MYC";17
"CH25H";17
"SOD2";17
"AC020571.3";17
"LRRN3";17
"H1F0";17
"PHLDA2";17
"EGOT";17
"LMOD3";17
"SMOX";17
"FXYD1";17
"CACNA2D4";17
"RCBTB2";17
"SATB1";17
"USP36";17
"AC018816.3";17
"DNAJB4";17
"MAGI3";17
"LRP12";17
"LTK";17
"ARHGAP5";17
"RP11-326C3.2";17
"FAM101B";17
"PGLYRP2";17
"LZTS1";17
"CCR2";17
"FOXO1";17
"CD200R1";17
"ADI1";17
"KIF5C";17
"REV3L";17
"LSR";17
"GSTM3";17
"AC109826.1";17
"CCDC104";17
"LRRC8C";17
"DAPP1";17
"MXI1";17
"GOLGA8A";17
"AP000783.1";17
"ANK3";17
"ATF7IP2";17
"CYB561";17
"ACVR2A";17
"C6orf120";17
"RHPN1";17
"TOB2";17
"BTBD11";17
"HIF1A";17
"SH3TC1";17
"PTEN";17
"ARL3";17
"CFH";17
"RASSF2";17
"IGSF22";17
"SFMBT1";17
"RBMS3";17
"SLC36A4";17
"EGR1";18
"ATF3";18
"FOS";18
"SPRY1";18
"FOSB";18
"JUND";18
"TNFAIP3";18
"BTG2";18
"CYCS";18
"NR4A1";18
"RP5-1073O3.7";18
"CHMP1B";18
"MIR24-2";18
"AC016629.8";18
"ANKRD28";18
"NFKBID";18
"ARL5B";18
"PPP1R15A";18
"EIF4A3";18
"YPEL5";18
"METTL15";18
"IER5";18
"NFKBIZ";18
"ZFAND5";18
"BCAS2";18
"DNAJA1";18
"ARL4A";18
"KDM6B";18
"TSPYL2";18
"ANKRD37";18
"NEU1";18
"TUBA1A";18
"DDX3X";18
"UBE2S";18
"CSRNP1";18
"SELK";18
"HEXIM1";18
"DNAAF2";18
"SPTY2D1";18
"MYLIP";18
"RBBP6";18
"PPP1R15B";18
"INTS6";18
"RPL22L1";18
"CHD1";18
"GOLGB1";18
"AREG";19
"IER2";19
"NFKBIA";19
"MAFF";19
"GADD45B";19
"KRT86";19
"KRT81";19
"ICAM1";19
"RGS16";19
"DDIT4";19
"DUSP6";19
"MAP3K8";19
"PFKFB3";19
"NR4A3";19
"RHOB";19
"SERTAD1";19
"TIPARP";19
"MMP9";19
"BHLHE40";19
"CKS2";19
"CD81";19
"SKIL";19
"TUBB4B";19
"IFRD1";19
"SOCS1";19
"ITGB1";19
"SNHG15";19
"AHI1";19
"SRGAP3";19
"EIF5A";19
"HIST2H2AA3";19
"ELOVL6";19
"SEC14L1";19
"PPP3CA";19
"DFNB31";19
"TSPAN4";19
"TCF4";19
"ELL2";19
"NFIL3";19
"H2AFX";19
"TUBA1B";19
"VIMP";19
"HDAC9";19
"SPAG1";19
"HOTAIRM1";19
"MPG";19
"RRBP1";19
"HSP90AB1";19
"ZNF667-AS1";19
"ZNF296";19
"FAM26F";19
"SIGLEC7";19
"SPG20";19
"BST2";19
"GALC";19
"UNC93B1";19
"RNF168";19
"UBB";19
"NXT1";19
"HLA-DRA";20
"HLA-DRB1";20
"CD74";20
"HLA-DQA1";20
"HLA-DRB5";20
"HLA-DPB1";20
"HLA-DQB1";20
"HLA-DPA1";20
"HLA-DMA";20
"HLA-DQA2";20
"CXCL1";21
"HSPA1A";21
"HSPA1B";21
"DNAJB1";21
"PTGDS";21
"HSP90AA1";21
"XIST";21
"H1FX";21
"ADAMDEC1";21
"CALD1";21
"IER5L";21
"HSPH1";21
"TAGLN";21
"CCL11";21
"LUM";21
"COL1A1";21
"MYL9";21
"IGFBP5";21
"TMEM238";21
"RARRES2";21
"HIST2H2AC";21
"GNG11";21
"COL1A2";21
"MBD2";21
"ADIRF";21
"TMEM176B";21
"EXOSC6";21
"NNMT";21
"FBLN1";21
"VEGFB";21
"C8orf4";21
"BOD1L1";21
"DCN";21
"C1S";21
"CD69";22
"CITED2";22
"TSC22D3";22
"ANXA1";22
"RGS2";22
"DUSP1";22
"KLF6";22
"AC092580.4";22
"CXCR4";22
"ZFP36L2";22
"C1orf56";22
"MYADM";22
"CEBPB";22
"RGPD5";22
"HERPUD1";22
"HNRNPH1";22
"RASGEF1B";22
"PTGER4";22
"MCL1";22
"VIM";22
"CD55";22
"TAGAP";22
"B4GALT1";22
"ZC3H12A";22
"HSPA5";22
"PPP1CB";22
"CDC42SE1";22
"ZSWIM4";22
"MPZL3";22
"SDCBP";22
"SCML4";22
"RNF139";22
"TRA2A";22
"PDE4D";22
"TSPYL1";22
"GABPB1";22
"XBP1";22
"PER1";22
"FKBP11";22
"ETF1";22
"DNAJC3";22
"DNAJB9";22
"TPD52";22
"BTG1";22
"SRSF6";22
"IGLL5";23
"PHGR1";23
"AQP8";23
"FABP1";23
"IFI27";23
"PIGR";23
"CEACAM5";23
"GUCA2A";23
"KRT19";23
"SLC26A3";23
"ZG16";23
"C19orf33";23
"CXCL14";23
"GUCA2B";23
"CKB";23
"TFF3";23
"CLCA4";23
"KRT8";23
"LGALS4";23
"APOE";23
"CFD";23
"MT1G";23
"FXYD3";23
"SEPP1";23
"CCL2";23
"TSPAN1";23
"SPINK1";23
"SMIM22";23
"FCGBP";23
"CCL13";23
"MDK";23
"CLDN4";23
"CCL19";23
"GSTT1";23
"TNFRSF4";24
"GEM";24
"TNFRSF18";24
"HES4";24
"ISG15";24
"ENTPD1";24
"RORA";24
"GAPDH";24
"PTMS";24
"SLA";24
"LAYN";24
"CRIP1";24
"RNF19A";24
"TPM4";24
"ERRFI1";24
"TGIF1";24
"YWHAQ";24
"SLC7A5";24
"C16orf80";24
"ENO1";24
"SLC1A5";24
"ODC1";24
"ZDBF2";24
"IL12RB1";24
"YWHAH";24
"CRADD";24
"PDCL3";24
"PDE4B";24
"MAP1LC3A";24
"TANK";24
"FAM89B";24
"SETD7";24
"HIVEP3";24
"PLAGL1";24
"ARHGEF12";24
"STAM";24
"BACH1";24
"BLM";24
"ATOX1";24
"PHPT1";24
"AKIRIN2";24
"INPP1";24
"DYNLL1";24
"GSPT1";24
"HSPA6";25
"7SK.2";25
"DEFA5";25
"REG3A";25
"SESN1";25
"DEFA6";25
"REG1A";25
"AIM1";25
"PLEKHF1";25
"SNTB2";25
"RP11-553L6.2";25
"GIMAP6";25
"IPCEF1";25
"ARID5A";25
"RASA1";25
"SLAMF6";25
"ZFP36";26
"ID2";26
"KLRB1";26
"ZNF331";26
"NR4A2";26
"B3GNT7";26
"SRGN";26
"REL";26
"RP6-91H8.3";26
"GPR65";26
"ITM2C";26
"DUSP10";26
"NCR3";26
"IFNGR1";26
"FAM177A1";26
"RANBP2";26
"SLC16A3";26
"FOSL2";26
"METRNL";26
"GATA3";26
"LMO4";26
"HSH2D";26
"RUNX3";26
"HIC1";26
"RHOBTB3";26
"SYAP1";26
"RP11-489E7.4";26
"DHRS3";26
"PDE4A";26
"SKAP2";26
"NBL1";26
"NFE2L2";26
"FSD1";26
"ATP8B4";26
"ORAI2";26
"SPECC1";26
"HDGFRP3";26
"ABHD15";26
"NUDT14";26
"CD151";26
"HIP1";26
"MPST";26
"ASL";26
"ST3GAL1";26
"TNF";27
"EGR2";27
"GPR171";27
"ITGA1";27
"GFPT2";27
"GPR34";27
"PTGER2";27
"DAPK2";27
"MSH3";27
"SYTL2";27
"F2R";27
"IL18RAP";27
"CA10";27
"ANKRD32";27
"PELO";27
"ARHGAP18";27
"CPD";27
"LTB";28
"IL7R";28
"CD52";28
"C12orf57";28
"RPL34";28
"RPLP1";28
"AC013264.2";28
"RPS12";28
"MAL";28
"RPS8";28
"AQP3";28
"RPS2";28
"RPS18";28
"RPS6";28
"MX2";28
"RPL7";28
"PKIA";28
"PPA1";28
"TPT1";28
"FAM134B";28
"SPINT2";28
"RPS3A";28
"IMPDH2";28
"SLC40A1";28
"LGALS3BP";28
"FOXP1";28
"FLT3LG";28
"LDHB";28
"IFNGR2";28
"RPL21";28
"FGFBP2";29
"IFIT2";29
"MYOM2";29
"VCAM1";29
"IFIT3";29
"TIMD4";29
"KLRG1";29
"AOC1";29
"AKR1C3";29
"VIPR2";29
"IFIT1";29
"KNOP1";29
"OASL";29
"SH3BP5";29
"RP11-357H14.17";29
"NSRP1";29
"PATL2";29
"IFNG-AS1";29
"NAPSA";29
"WBP4";29
"RSAD2";29
"LINC00324";29
"ENTPD3-AS1";29
"PMEPA1";29
"LMLN";29
"KIAA1009";29
"CCDC146";29
"ENC1";29
"USP18";29
"FAM188A";29
"DNAJA4";29
"RP5-1142A6.8";29
"PDLIM7";29
"RP11-305L7.3";29
"CCL28";29
"RAB7L1";29
"SYNM";29
"SYCP2";29
"SAP30";29
"WBP2NL";29
"USP40";29
"ZNF611";29
"HRASLS2";29
"ZNF354A";29
"DHX33";29
"DDX60";29
"LINC00662";29
"RP11-108M9.4";29
"ZFAT";29
"LIPE-AS1";29
"ZRSR2";29
"TTL";29
"HMGA1P4";29
"HIST1H2AM";29
"DNASE1";29
"RP11-108M9.6";29
"RP11-544A12.8";29
"DRAXIN";29
"CMPK2";29
"METRN";29
"BRD7";29
"KCNMB1";29
"ZNF16";29
"SEC14L6";29
"TXLNA";29
"RASSF4";29
"GLRX2";29
"XXbac-BPGBPG55C20.2";29
"TRERF1";29
"ZBTB37";29
"TPM1";29
"RP11-195F19.5";29
"PRR11";29
"MNT";29
"CCND1";29
"MUC4";29
"RP11-499E18.1";29
"ZNF28";29
"PER3";29
"CEP89";29
"STK39";29
"RFC3";29
"HEATR5A";29
"ACO1";29
"POLA1";29
"EPHA1";29
"PPP1R12B";29
"EXD3";29
"SLC38A7";29
"NFATC2";29
"POLG2";29
"TBC1D22B";29
"RP5-886K2.3";29
"ZBED5";29
"RP13-188A5.1";29
"IFI27L1";29
"ZNF552";29
"SMIM11";29
"MTO1";29
"CENPL";29
"TRAK2";29
"TRAPPC5";29
"LSG1";29
"TGFBR2";29
"NVL";29
"XPNPEP3";29
"TIMM44";29
"CRNKL1";29
"TMEM234";29
"PUS10";29
"BRI3BP";29
"CTD-2017D11.1";29
"AGBL3";29
"SLC25A4";29
"RP11-325F22.2";29
"FAM98A";29
"C17orf75";29
"FAM175B";29
"SLC17A5";29
"SZT2";29
"PRKAB2";29
"NOL9";29
"ZNF790";29
"TCTEX1D2";29
"TTC32";29
"ZNF829";29
"ALKBH8";29
"BAG2";29
"VNN2";29
"C1orf61";29
"ZNF514";29
"LYPLAL1";29
"ZNF641";29
"TP53I11";29
"PHKA2";29
"KLF2";30
"MEST";30
"KLF3";30
"TAF4B";30
"SCML1";30
"CTD-2562J15.6";30
"ANKRD26";30
"TCF7";30
"BEX2";30
"BACH2";30
"KLF7";30
"OSM";31
"SOCS2";31
"CLNK";31
"HILPDA";31
"RP6-99M1.2";31
"RPGR";31
"TSPAN2";31
"VAV3";31
"ZNF667";31
"CTD-2035E11.3";31
"SMCR5";31
"KIAA0125";31
"STARD4";31
"MGLL";31
"RP11-425D10.10";31
"MZF1";31
"ZFY";31
"FN3K";31
"MAP9";31
"SQLE";31
"TOX";31
"ZNF660";31
"SBF2";31
"CETN2";31
"TWISTNB";31
"TCEAL3";31
"GUCY1A3";31
"CLN8";31
"CTD-2368P22.1";31
"WARS";31
"NCALD";31
"RDX";31
"BZRAP1-AS1";31
"C19orf83";31
"SPRYD7";31
"GZF1";31
"RNF122";31
"ING3";31
"GPR55";31
"INPP5B";31
"RP11-535A5.1";31
"ZNF844";31
"DOK7";31
"EIF5A2";31
"BIVM";31
"JARID2";31
"CLASP2";31
"AP001816.1";31
"ZNF677";31
"C19orf77";31
"ITGAM";31
"RUFY3";31
"RP11-1391J7.1";31
"TRIM54";31
"C10orf11";31
"SLC39A10";31
"MMD";31
"HIP1R";31
"PRKX";31
"CMIP";31
"ARMCX2";31
"ZNF35";31
"DYSF";31
"METTL7A";31
"KIFAP3";31
"SFXN5";31
"SMIM10";31
"CD27-AS1";31
"ATAD2B";31
"C20orf112";31
"PON2";31
"TTLL10";31
"MARCH3";31
"NUDT16";31
"DHRSX";31
"PRKCA";31
"PRKAR2B";31
"CD72";31
"CENPV";31
"SNTB1";31
"CTA-445C9.15";31
"FER";31
"EFHC1";31
"TLR1";31
"TSHZ1";31
"RP11-488L18.10";31
"ZNF853";31
"FOXO3";31
"PRCD";31
"ZSCAN18";31
"CENPJ";31
"ZNF652";31
"PEAK1";31
"LGALS9";31
"TIMM13";31
"SLC25A33";31
"IFNL1";31
"CCR7";32
"SELL";32
"FXYD2";32
"AIF1";32
"LEF1";32
"PCSK1N";32
"REG4";32
"C1orf162";32
"RP11-664D1.1";32
"CTSL";32
"TRABD2A";32
"NELL2";32
"ACTN1";32
"FHIT";32
"PADI4";32
"NOSIP";32
"FAM65B";32
"MARCKSL1";32
"LYPD3";32
"C14orf64";32
"RP1-187B23.1";32
"ADAMTS6";32
"RP11-18H21.1";32
"LDLRAP1";32
"CD248";32
"PLAG1";32
"AK5";32
"EPHA1-AS1";32
"BCL7A";32
"GCSAM";32
"PRKCQ-AS1";32
"NUCB2";32
"NOG";32
"RASGRP2";32
"RP11-11N9.4";32
"CSGALNACT1";32
"HEMGN";32
"HRH2";32
"STMN3";32
"LIMS2";32
"TCEA3";32
"RP11-861A13.4";32
"USP44";32
"LMO7";32
"ICA1L";32
"ITGA6";32
"S1PR1";32
"FCGRT";32
"CELA1";32
"SULT1B1";32
"MORC2";32
"PCSK5";32
"CTD-3184A7.4";32
"FABP5";33
"CHN1";33
"PLIN2";33
"CLU";33
"PPARG";33
"RP3-428L16.2";33
"SMCO4";33
"PKIG";33
"MSC";33
"NPDC1";33
"NTRK2";33
"RGS18";33
"PROK2";33
"RP11-23P13.6";33
"RCAN2";33
"CDCA7";33
"PTPN13";33
"NR1D1";33
"KIAA0319L";33
"CASS4";33
"HLF";33
"NCDN";33
"MCOLN2";33
"CCDC6";33
"CD226";33
"MPRIP";33
"STK24";33
"RP11-383H13.1";33
"UBXN10-AS1";33
"CD200";34
"MS4A6A";34
"ID3";34
"CHI3L2";34
"PASK";34
"TSHZ2";34
"SCGB3A1";34
"EPHB6";34
"NGFRAP1";34
"CD79A";34
"C1orf228";34
"PDCD1";34
"IL6ST";34
"LPAR6";34
"LY96";34
"CPA5";34
"POU2AF1";34
"BTLA";34
"FBXO32";34
"RP11-265P11.2";34
"PDE7B";34
"NFATC1";34
"TLR5";34
"CDCA7L";34
"CD84";34
"ANKRD55";34
"LINC00402";34
"SESN3";34
"SARDH";34
"CMTM8";34
"FBLN7";34
"TNFSF8";34
"RIC3";34
"EPHX2";34
"RP11-223C24.1";34
"ADD3";34
"INPP4B";34
"SERINC5";34
"MSL3";34
"SH3YL1";34
"RP11-358B23.5";34
"YPEL2";34
"GCNT2";34
"MANEA-AS1";34
"GCA";34
"SUSD4";34
"TESPA1";34
"PPP1CC";34
"GCNT4";34
"NFIA";34
"SEC14L2";34
"MDS2";34
"CDK5R1";34
"ZC3H8";34
"CHMP7";34
"COL6A3";34
"SNORA76";34
"TMEM63A";34
"RBM43";34
"EVI5";34
"ELMO1";34
"TJP2";34
"KIAA0226";34
"LYRM4";34
"SLC9A9";34
"ADPRM";34
"THEM4";34
"AGMAT";34
"ITGB2-AS1";34
"CBX1";34
"TNFRSF10A";34
"RP11-291B21.2";35
"CD8B";35
"ZNF683";35
"CD8A";35
"YBX3";35
"CLECL1";35
"LYAR";35
"ADRB1";35
"CD9";35
"RP4-539M6.22";35
"GPR18";35
"CARS";35
"DBN1";35
"RP11-589C21.6";35
"NUGGC";35
"IGFBP3";35
"SNN";35
"LILRB1";35
"TPRG1";35
"MT1F";35
"LINC00944";35
"NPM2";35
"MTFP1";35
"CD101";35
"PLEKHO1";35
"CCDC65";35
"TMEM200A";35
"DDX21";35
"RP11-347C12.1";35
"TGFBR3L";35
"SLC38A5";35
"RNF157";35
"EPN2";35
"PVRL3";35
"SPNS3";35
"NPIPB11";35
"RP11-713M15.1";35
"TXNIP";36
"EEF1A1";36
"FKBP5";36
"PDE3B";36
"EEF2";36
"HSPA8";36
"PIK3IP1";36
"KIAA1551";36
"C10orf54";36
"CD40LG";37
"ITM2A";37
"CD27";37
"TRAT1";37
"AP3M2";37
"GPR155";37
"CD3D";37
"CD6";37
"SIRPG";37
"ARL4C";37
"CLEC2D";37
"TRAF1";37
"THEMIS";37
"PAG1";37
"SIT1";37
"CAMK4";37
"CD3G";37
"TMEM154";37
"CD5";37
"HMGA1";37
"LINC00649";37
"GRAP2";37
"OLFM2";37
"KCNA3";37
"BCL11B";37
"CXCR6";38
"PKM";38
"PRDM1";38
"SMC4";38
"STAT1";38
"HPGD";38
"BCL2L11";38
"GBP2";38
"MIAT";38
"LAX1";38
"CXCR3";38
"GBP5";38
"GBP1";38
"MTHFD2";38
"RP11-347P5.1";38
"IKZF2";38
"FAM129A";38
"PGAM1";38
"ADA";38
"SYNE2";38
"CCR5";38
"BEND7";38
"C3AR1";38
"ANXA5";38
"PPP2R2B";38
"CAPN2";38
"ZBTB38";38
"PARP9";38
"ASXL2";38
"JAKMIP1";38
"APOL3";38
"IL10RA";38
"TSPAN5";38
"GALNT10";38
"ATP2B4";38
"ATXN1";38
"SAMHD1";38
"SP140";38
"CLIP1";38
"GPRIN3";38
"TRIM69";38
"CASP1";38
"RP11-403B2.6";39
"KIR3DL2";39
"FAM43A";39
"KIR2DL3";39
"TNFSF10";39
"MIR142";39
"AKAP5";39
"MIR181A2HG";39
"AC007349.7";39
"KIR2DL2";39
"LGALS9C";39
"APBA2";39
"LRMP";39
"STRBP";39
"PHLDB2";39
"GSG2";39
"RP11-769O8.1";39
"RP11-542M13.3";39
"CCDC28B";39
"LMNB1";39
"RP11-47L3.1";39
"UBASH3B";39
"CHST2";39
"CLEC12A";39
"FNDC3B";39
"ATP8A1";39
"RP11-973H7.1";39
"NMUR1";39
"KCTD10";39
"TLE4";39
"STARD9";39
"SCPEP1";39
"DDAH2";39
"ARSD";39
"CCRL2";39
"HLA-DMB";39
"SMKR1";39
"DDX3Y";39
"RP11-103G8.2";39
"GNGT2";39
"RTKN";39
"NEIL1";39
"POMC";39
"RAB27B";39
"DPYSL2";39
"HAGHL";39
"SMURF2";39
"WIPI1";39
"GSAP";39
"LINC00528";39
"PAPD5";39
"LZTFL1";39
"IL12RB2";39
"CPQ";39
"ABHD17B";39
"FHL3";39
"FAIM";39
"BAALC";39
"CRIM1";39
"HEG1";39
"PRR24";39
"RP11-485G4.2";39
"KLRK1";39
"SFMBT2";39
"LIMK1";39
"ISYNA1";39
"RP11-277L2.4";39
"TANC2";39
"AKAP7";39
"AP1S3";39
"ST3GAL4";39
"RP11-403I13.8";39
"IRF2BPL";39
"TGFA";39
"MEX3C";39
"MIB2";39
"AP000476.1";39
"SERPINI1";39
"GALNT3";39
"ACTB";40
"DTHD1";40
"COTL1";40
"ACTG1";40
"NEAT1";40
"CCND2";40
"FCRL3";40
"STX11";40
"FAM46C";40
"LDLR";40
"NDFIP2";40
"ACP5";40
"APOBEC3C";40
"ITGA4";40
"GLUD1";40
"GPR82";40
"BCL2L1";40
"SH2D1A";40
"PYHIN1";40
"RP11-94L15.2";40
"GCNT1";40
"MICAL2";40
"SH2D2A";40
"ATP5EP2";40
"KDM2B";40
"AF131217.1";40
"DZIP3";40
"MYO1G";40
"ABI3";40
"NEDD9";40
"GLCCI1";40
"IKZF3";40
"ITGB2";40
"SMC6";40
"GLIPR1";40
"SAMD9L";40
"CBLB";40
"SLFN5";40
"SETBP1";40
"ATG2A";40
"ATAD2";40
"SLC27A2";40
"CNN2";40
"JAZF1";40
"GCHFR";40
"ACTN4";40
"CTNNA1";40
"E2F3";40
"TAP1";40
"IDI1";40
"FBXO2";40
"ACOT9";40
"TMEM140";40
"PGAP1";41
"KIAA0101";41
"TK1";41
"DUOX1";41
"NME1";41
"HMGB3";41
"FILIP1L";41
"ORC6";41
"CMSS1";41
"PALLD";41
"TMA16";41
"KRT18";41
"ALAS1";41
"CENPK";41
"CLSPN";41
"SRM";41
"OPA3";41
"BTBD7";41
"CCDC50";41
"CENPU";41
"KIAA0020";41
"PAICS";41
"RIOK1";41
"PHF6";41
"RPF2";41
"GPATCH4";41
"CYB561A3";41
"PAK1IP1";41
"METTL1";41
"ASF1B";41
"MRTO4";41
"CCDC171";41
"PHLDB1";41
"SDF2L1";41
"WDR60";41
"CCSER1";41
"SMIM1";41
"NOP16";41
"WDR3";41
"RAB34";41
"ELF3";41
"WDR43";41
"UBFD1";41
"RNF141";41
"CTB-58E17.1";41
"TSTD2";41
"GALNT7";41
"PUS7";41
"ANKDD1A";41
"CEP57L1";41
"P4HA1";41
"AC092580.3";41
"TUBA1C";41
"DCTPP1";41
"TMEM5";41
"TP53I3";41
"RSPH3";41
"DKC1";41
"RAB3GAP1";41
"ZNF613";41
"SEH1L";41
"DEAF1";41
"HMGXB4";41
"CD3EAP";41
"BZW2";41
"UBAP2";41
"IPO7";41
"XYLT1";41
"LRRC34";41
"VSIG10";41
"ATAD3A";41
"BRD8";41
"MED19";41
"PTPN11";41
"WDR12";41
"IMPACT";41
"MORN2";41
"GCSH";41
"SNX21";41
"GSTM4";41
"NOLC1";41
"CECR5";41
"NLRP3";42
"MILR1";42
"MID1IP1";42
"NSUN6";42
"MLF1";42
"LINC00309";42
"AC116366.6";42
"ZNF703";42
"HIST1H2AE";42
"TRAM2";42
"ETV3";42
"OSBPL10";42
"LL22NC03-2H8.5";42
"ZNF165";42
"TSC22D2";42
"ARHGEF40";42
"RNASE6";42
"RP11-390B4.5";42
"RP4-549L20.3";42
"HIST1H2BG";42
"BAIAP2";42
"CTH";42
"TMEM67";42
"SNAPC1";42
"LARP1B";42
"ABCA1";42
"OTUD1";42
"CYB5D1";42
"NET1";42
"CSPP1";42
"HIST1H2BD";42
"NOTCH4";42
"FNIP2";42
"NAF1";42
"CYTH3";42
"LAIR1";42
"SPATA6";42
"MEPCE";42
"EXOC6";42
"SPEF2";42
"DYRK3";42
"EPOR";42
"ZBTB44";42
"RMDN2";42
"USP46";42
"NLN";42
"METTL12";42
"Y-RNA";42
"USP53";42
"N4BP2";42
"KMT2E-AS1";42
"YTHDF3-AS1";42
"TNFRSF12A";42
"HIST1H3D";42
"PROCA1";42
"RP11-134P9.3";42
"TSPYL4";42
"CCSAP";42
"AFMID";42
"RNF144A";42
"MAPRE3";42
"CTD-2410N18.3";42
"C10orf111";42
"PDS5B";42
"C12orf68";42
"RP1-244F24.1";42
"PLD6";42
"CREG1";42
"HYOU1";42
"TPST1";42
"PARD6A";42
"JAG2";42
"EVA1C";42
"RP11-467D6.1";42
"TFDP2";43
"RAB9A";43
"GLUL";43
"PLK2";43
"IRF4";43
"IRF7";43
"GPR68";43
"FAM46A";43
"GOLIM4";43
"PLSCR1";43
"MIR181A1HG";43
"TCTN3";43
"IL18";43
"HOXA10";43
"ZFHX3";43
"PRPF6";43
"PHTF1";43
"DCAF11";43
"HIPK2";43
"DENND3";43
"MGST2";43
"PPP1R3B";43
"BAZ2B";43
"ENG";43
"TSPAN13";43
"FUCA1";43
"OGFRL1";43
"ZBED4";43
"MIS18BP1";43
"SLC44A1";43
"PAWR";43
"KDM5B";43
"B4GALT5";43
"NREP";43
"UBE2F";43
"PLXNC1";43
"GNAQ";43
"ATP10D";43
"RAB37";43
"ADAM10";43
"FUCA2";43
"PREX1";43
"RHBDF2";43
"RP11-932O9.9";43
"SCCPDH";43
"RANBP17";43
"GDE1";43
"SPTLC2";43
"RNF130";43
"STAP1";43
"APPL1";43
"SMIM14";43
"CNOT2";43
"GALE";43
"CENPF";44
"CHRNA1";44
"ITPRIPL2";44
"SEMA6B";44
"TOP2A";44
"AP000692.10";44
"HTRA1";44
"RP1-191J18.66";44
"AC006129.2";44
"CCDC34";44
"ACRC";44
"RP11-431M7.3";44
"RP11-47A8.5";44
"PPM1N";44
"RP11-22P6.3";44
"RP11-182L21.6";44
"PRDM8";44
"NDUFAF2";44
"CENPE";44
"CTNNAL1";44
"CCR9";44
"GMNN";44
"CENPN";44
"MS4A1";44
"NNT-AS1";44
"TBC1D19";44
"ULK2";44
"CETN3";44
"ESR2";44
"WNT10A";44
"ATAD5";44
"TPX2";44
"HIST1H2BN";44
"POP1";44
"BRCA2";44
"FAM27A";44
"MKI67";44
"RP11-539L10.3";44
"POLD3";44
"LETM2";44
"CEP41";44
"TTF1";44
"AMIGO2";44
"CAB39L";44
"RP11-798M19.6";44
"PAQR3";44
"USP13";44
"FRMD4A";44
"SRFBP1";44
"CLYBL";44
"SWT1";44
"SSX2IP";44
"TLE3";44
"ZCCHC9";44
"C5orf45";44
"RP11-166P13.4";44
"GINS2";44
"CARF";44
"ENOX2";44
"RP11-318A15.2";44
"RBM41";44
"NAP1L5";44
"PTER";44
"RP6-109B7.3";44
"PSAT1";44
"SMPD3";44
"AC004951.6";44
"EMR1";44
"TMEM70";44
"TAF1B";44
"ERCC4";44
"TMEM161B-AS1";44
"RP11-212P7.2";44
"CCDC137";44
"ZBTB8A";44
"SMPDL3A";44
"CAMK2N1";44
"TRMT6";44
"KIAA1407";44
"AC003075.4";44
"CEP76";44
"CTD-3214H19.4";44
"RAB30";44
"CEP44";44
"RWDD2B";44
"DGKE";44
"NAPA-AS1";44
"SLC35E4";44
"TMSB15B";44
"RP11-304L19.5";44
"PRIM1";44
"AP4E1";44
"ZHX1";44
"DBF4B";44
"GIN1";44
"TMEM18";44
"AGGF1";44
"C21orf49";44
"MUC2";44
"RPAP3";44
"GXYLT1";44
"SYCE1L";44
"RP11-140K17.3";44
"IGFLR1";44
"MYEF2";44
"ASAP1";44
"PRKAR1B";44
"OAS3";44
"TRMT10B";44
"KB-1507C5.2";44
"CDYL2";44
"C19orf40";44
"MTIF2";44
"CTD-2302E22.4";44
"MOSPD1";44
"ZNF75D";44
"RP11-111M22.3";44
"CCDC136";44
"ELOVL4";44
"PBX2";44
"C16orf52";44
"PPP1R3E";44
"TRIM73";44
"FAM200A";44
"SREBF2";44
"KLHDC10";44
"FANCD2";44
"AGPAT3";44
"NAB2";44
"ZNF169";44
"CAMK2D";44
"SERAC1";44
"GGCT";44
"NUF2";44
"FAM217B";44
"DCUN1D4";44
"ZNF230";44
"MAP10";44
"RAD18";44
"TRIM14";44
"MYO1C";44
"RPP38";44
"FLVCR1-AS1";44
"SUV39H2";44
"GTF2H2C";44
"PNMA5";44
"USP9Y";44
"TEX10";44
"ZMAT3";44
"CTC-241F20.3";44
"RP11-290C10.1";44
"PGAM5";44
"CEP97";44
"PCED1B";44
"MTG2";44
"MSH6";44
"ZNF780A";44
"TMEM121";44
"FBXO45";44
"TBL1X";44
"C9orf9";44
"RBM19";44
"FLVCR1";44
"SNUPN";44
"MCM6";44
"FAM69A";44
"RNPC3";44
"TMEM244";44
"TCAIM";44
"GRK5";44
"CENPH";44
"KIF1C";44
"PIGM";44
"KNTC1";44
"RAD50";44
"KLHL42";44
"UBAC1";44
"MAP4K4";44
"MIS18A";44
"HABP4";44
"PPP5D1";44
"ATXN7L3";44
"AP001462.6";44
"TEFM";44
"KCNK6";44
"NDC80";44
"GPR113";44
"HDAC4";44
"SNX24";44
"AC009403.2";44
"POC5";44
"KDELC2";44
"SPATS2";44
"C2orf69";44
"RRM1";44
"RUNDC1";44
"CCDC25";44
"MCM3AP-AS1";44
"TLDC1";44
"IKBKE";44
"HIVEP2";44
"NEK3";44
"ENO3";44
"AGL";44
"PET117";44
"CIB2";44
"SMYD4";44
"CHAF1A";44
"PHF19";44
"DLEU1";44
"POLB";44
"TMEM209";44
"C1orf112";44
"L2HGDH";44
"RP1-151F17.1";44
"YEATS4";44
"NUP85";44
"RP11-111M22.2";44
"PLEKHA1";44
"PUS1";44
"SAV1";44
"FAR2";44
"R3HCC1L";44
"CNEP1R1";44
"IL17RA";44
"CTC-523E23.11";44
"RP11-493L12.4";44
"RP11-429E11.3";44
"AIDA";44
"SAMD1";44
"ANK1";44
"ZNF682";44
"INSIG1";45
"P2RY14";45
"PIM1";45
"HIST1H1C";45
"HIST1H2BK";45
"HAPLN3";45
"SMS";45
"MYO9A";45
"CFL2";45
"C14orf182";45
"HMGCS1";45
"CTD-2020K17.1";45
"KPNA2";45
"CDK6";45
"LDHA";45
"GBP4";45
"BCL6";45
"XRCC4";45
"SLC12A2";45
"TUBB";45
"GYG1";45
"UAP1";45
"B3GNT2";45
"EFCAB2";45
"TARS";45
"RELB";45
"NFE2L3";45
"ZNF580";45
"NFKB2";45
"GFI1";45
"GALNT1";45
"EZH2";45
"TSPAN17";45
"UEVLD";45
"ITGB7";45
"SRGAP2";45
"FAM63B";45
"TDG";45
"POR";45
"GBP7";45
"SAMD10";45
"MAP2K3";45
"PPP2R5A";45
"CHST11";45
"TARSL2";45
"FLNA";45
"RFTN1";45
"BRD3";45
"NEK7";45
"TBC1D17";45
"ACOT7";45
"CALR";45
"CHP1";45
"PIGT";45
"ABI2";45
"ADCK3";45
"TAF13";45
"CHD4";45
"HTATSF1";45
"ESYT2";45
"AP3D1";45
"SHMT2";45
"SMEK1";45
"VDAC1";45
"CUL3";45
"VRK2";45
"HSD17B4";45
"ARHGEF7";45
"HDLBP";45
"RP11-469M7.1";45
"EIF2AK2";45
"TMX3";45
"SIPA1L1";45
"PWP1";45
"TBL1XR1";45
"HADH";45
"WRN";45
"HOOK3";45
"NEK1";45
"CLCN3";45
"NUDT4";45
"PHF21A";45
"STRN3";45
"MAPKAPK2";45
"SMARCA2";45
"SLC20A1";45
"ZNF217";45
"ADNP";45
"SLK";45
"BTN2A2";45
"CRY1";45
"PLIN3";45
"ANKRD10";45
"MAF";46
"PIM2";46
"PTP4A3";46
"CLEC7A";46
"CD59";46
"PHACTR2";46
"UCP2";46
"TFRC";46
"GPX1";46
"SNX9";46
"CD82";46
"MAST4";46
"VMP1";46
"ZNRF1";46
"PBXIP1";46
"SPOCK2";46
"PELI1";46
"PHTF2";46
"NABP1";46
"CAMK1";46
"NCF4";46
"DUSP16";46
"TLK1";46
"COX6A2";47
"SERPINE2";47
"ZNF571";47
"KLHL23";47
"RP11-407N17.5";47
"ZNF571-AS1";47
"IRF9";47
"CEP290";47
"WEE1";47
"ZDHHC14";47
"HMOX1";47
"HIST1H2BC";47
"SMC2";47
"RP11-277P12.20";47
"GALNT6";47
"KIAA1377";47
"MYO6";47
"ARID3A";47
"RP11-446N19.1";47
"MAP7D3";47
"HIST1H1E";47
"AC009404.2";47
"GTF3C1";47
"ANGPT2";47
"RBM38";47
"BPGM";47
"CEP78";47
"ZNF250";47
"UTP11L";47
"KIF13B";47
"STAG3";47
"SLFN12";47
"FADS1";47
"ZBTB43";47
"ZNF827";47
"MAGIX";47
"HDAC7";47
"SYNGR3";47
"SLC35E1";47
"DNAJC24";47
"C17orf107";47
"LRRCC1";47
"JAKMIP2";47
"ZSCAN31";47
"HIST1H4H";47
"APC";47
"SERTAD3";47
"IFT88";47
"ETS2";47
"CDIP1";47
"EPHA4";47
"LCORL";47
"EEA1";47
"FUT11";47
"VIM-AS1";47
"TOP2B";47
"ZNF808";47
"DMKN";47
"PHLPP1";47
"CLDN7";47
"ANKIB1";47
"ZCCHC4";47
"USP11";47
"HSD17B1";47
"ANKRD42";47
"UBBP4";47
"AK9";47
"ZNF528";47
"FANCA";47
"LPP";47
"GOLGA2";47
"TMEM192";47
"PPFIA1";47
"SFXN3";47
"STK32C";47
"XAF1";47
"APOBEC3F";47
"GALNT2";47
"LRIF1";47
"RDH13";47
"CKS1B";47
"RCN1";47
"NCOA1";47
"AP4M1";47
"ECI2";47
"PPIP5K2";47
"TPT1-AS1";47
"NAA16";47
"ITPRIP";47
"ADHFE1";47
"DIEXF";47
"C5orf42";47
"HGSNAT";47
"NF1";47
"GTDC1";47
"JADE1";47
"PLCL2";47
"RABL2B";47
"RASGEF1A";47
"RP11-16E12.1";47
"RP11-386G11.5";47
"P2RX7";47
"PGRMC2";47
"FAM228B";47
"C4orf33";47
"CALCOCO1";47
"ISG20L2";47
"ST3GAL2";47
"FMR1";47
"TET2";47
"SPG11";47
"PRR7-AS1";48
"C16orf54";48
"SC5D";48
"KCNQ1OT1";48
"TKTL1";48
"MMEL1";48
"CRIP2";48
"HIST1H1D";48
"SDR42E2";48
"RP11-796E2.4";48
"NSG1";48
"XXbac-BPG299F13.17";48
"SH2D3A";48
"GABPB2";48
"CCDC64";48
"GNB5";48
"GPATCH11";48
"FAM211A";48
"SORL1";48
"ADORA2A-AS1";48
"SYT5";48
"LYRM7";48
"SLC25A37";48
"NANS";48
"METTL20";48
"COL18A1";48
"FAM184B";48
"NUAK2";48
"RP5-821D11.7";48
"P2RY8";48
"RP11-727F15.9";48
"MAN1C1";48
"RPL34-AS1";48
"RP11-6J24.6";48
"SLC8B1";48
"HHLA3";48
"ATP6V1E2";48
"RASSF3";48
"ZC3H6";48
"CEP19";48
"ATP8A2";48
"UBXN11";48
"SYNJ2";48
"BAG3";48
"RP1-102H19.8";48
"C22orf46";48
"RP11-284N8.3";48
"ZYG11B";48
"LA16c-431H6.6";48
"TOP1MT";48
"FAM175A";48
"ENO1-AS1";48
"SLC35G1";48
"CTC-338M12.5";48
"FOXN2";48
"PCNXL2";48
"AC018445.1";48
"RP11-143J12.2";48
"HNRNPA1L2";48
"VSIG1";48
"NKD1";48
"C9orf72";48
"THAP5";48
"MARCH9";48
"NPAT";48
"ACAT1";48
"TIMM10";48
"RP4-594I10.3";48
"RAB3A";48
"ACSL6";48
"C12orf79";48
"SBK1";48
"PRPF40B";48
"MOCS2";48
"SFXN2";48
"NR3C2";48
"AL591479.1";48
"RAB20";48
"USP3";48
"CUBN";48
"LYRM9";48
"CLUAP1";48
"LRRC69";48
"PLEC";48
"TCOF1";49
"THBS1";49
"ELMSAN1";49
"ARRDC3";49
"GAN";49
"LINC00685";49
"EHD4";49
"KIF23";49
"C3orf58";49
"RP11-356I2.4";49
"ZNF184";49
"TAF9";49
"TMCC3";49
"APOBEC3D";49
"SLC5A6";49
"DNAL1";49
"FAM122C";49
"CBX6";49
"RDH11";49
"SHROOM1";49
"SESN2";49
"KIF3B";49
"THUMPD2";49
"IBA57";49
"WDR76";49
"TTF2";49
"MFAP1";49
"PSMD5-AS1";49
"RP11-262H14.3";49
"DNAJC25";49
"ARHGEF26";49
"CEP152";49
"DDX52";49
"SLC35E3";49
"AGPAT1";49
"CPEB4";49
"ZKSCAN1";49
"DHX57";49
"UHRF1BP1L";49
"BARD1";49
"TOPORS";49
"MCM7";49
"CENPQ";49
"MSMO1";49
"ZCCHC10";49
"ZNF37A";49
"NUBP1";49
"SMAD7";49
"MB21D1";49
"LRRC8A";49
"RP11-83A24.2";49
"AZI2";49
"MLTK";49
"IFIH1";49
"DHTKD1";49
"AC132872.2";49
"GINS4";49
"MFSD6";49
"RP11-343N15.5";49
"SETD2";49
"DBF4";49
"FAM120A";49
"ZNF689";49
"EYA3";49
"DCLRE1C";49
"FAM126A";49
"CCP110";49
"AC093495.4";49
"SNX27";49
"MYO19";49
"RAD54L2";49
"GMEB1";49
"USP30-AS1";49
"ATXN2";49
"APOL2";49
"RP11-85F14.5";49
"KIAA2018";49
"MTF1";49
"AC090186.1";49
"DICER1";49
"C12orf43";49
"SRRT";49
"DTX3L";49
"ATP5L2";49
"DCAF17";49
"POGZ";49
"STAT2";49
"CCDC144A";49
"C1orf131";49
"KDM4B";49
"GSPT2";49
"OGG1";49
"UBXN7";49
"CTD-2521M24.9";49
"GHRL";49
"ACBD5";49
"WIPF2";49
"HLA-G";49
"RP11-415F23.2";49
"FAM160B1";49
"PRKAR2A";49
"RFK";49
"TTC37";49
"CTD-2369P2.2";49
"PDP1";49
"CTC-425F1.4";49
"FEN1";49
"TRIM24";49
"EAF1-AS1";49
"MSH2";49
"KIAA0232";49
"FGF9";49
"PRR14L";49
"MTERFD3";49
"NBEAL2";49
"CCDC43";49
"NUDT19";49
"VPRBP";49
"HEATR5B";49
"USP10";49
"TLK2";49
"ZMYND8";49
"HMGCR";49
"PPP2R1B";49
"GOLGA3";49
"ACTR8";49
"PAAF1";49
"RPAP2";49
"STK38L";49
"AP003774.1";49
"DLG1";49
"NOL8";49
"ODF3B";49
"TOR1AIP2";49
"GIGYF1";49
"CMTR2";49
"CSNK1G1";49
"RFC4";49
"SH2D6";49
"ATP6V1A";49
"RCL1";49
"NUFIP1";49
"NIPAL3";49
"SLC25A17";49
"PATL1";49
"SESTD1";49
"ATP2A2";49
"GFM2";49
"KLHL28";49
"TMEM64";49
"UBE2Q1";49
"CCDC157";49
"SCO1";49
"STX6";49
"RPSAP58";50
"TUBA4A";50
"GIMAP4";50
"CDC25B";50
"LINC00861";50
"CPNE2";50
"GIMAP7";50
"PRKCB";50
"FAM102A";50
"TECPR1";50
"IL27RA";50
"TC2N";50
"ZNF90";50
"XRRA1";50
"ST6GAL1";50
"RASA3";50
"GIMAP5";50
"STK38";50
"SPTBN1";50
"S1PR4";50
"ANXA2R";50
